Unità,,Vocabolario,Grammatica,Comunicazione,Fonetica,Gioco Genially (Suggerito),Produzione Orale e Scritta
0 \,Come ti chiami?,"Nomi propri italiani, numeri da 1 a 30, espressioni di saluto.","L'alfabeto, il verbo chiamarsi (io, tu, lui/lei).","Chiedere e dire il nome, salutare, espressioni: Che significa?, Come si scrive?",L'alfabeto italiano e lettere straniere.,Quiz 'Trova l'intruso' con i nomi e i numeri italiani.,Scrivere il proprio nome e dettarlo lettera per lettera; presentarsi ai compagni.
1 \,Di dove sei?,"Città italiane, aeroporto, stazione, treno.","I verbi andare e essere (io, tu, lui/lei).","Chiedere e dire la provenienza e la destinazione; espressioni grazie, prego, scusa.",,Mappa interattiva dell'Italia: trascina i nomi delle città al posto giusto.,Recitare un dialogo ambientato in treno scambiando informazioni sulla provenienza.
2 \,Mi dai il tuo numero?,"Dati anagrafici, numeri da 0 a 100.","Il verbo avere (io, tu, lui/lei), i nomi.","Chiedere e dare il numero di telefono, chiedere l'età.",,Memory interattivo: abbina il numero scritto alla cifra corrispondente.,Compilare una scheda con i propri dati anagrafici e intervistare un compagno.
3 \,Tutti in piazza!,"Luoghi della città, ecologia, eventi culturali.","I nomi (singolare e plurale), eccezioni in -à.","Aprire una telefonata, concordare un appuntamento, chiedere 'Come si dice...?'.",I suoni k e tʃ / I suoni g e dʒ.,Escape room: risolvi enigmi sui nomi plurali per uscire dalla piazza.,Scrivere un volantino per un evento in città (concerto o manifestazione).
4 \,Una notte a Roma,"Tipi di alloggio (albergo, pensione, B&B), numeri da 100 a 1000.","Verbi regolari in -are, -ere, -ire; verbi essere, avere, andare (noi, voi, loro).","Prenotare una camera, chiedere e dire il prezzo, dire la nazionalità.",,Simulazione di prenotazione: completa i campi di un modulo interattivo.,Scrivere una e-mail di prenotazione per una camera singola o doppia.
5 \,Che ore sono?,"Le ore, i saluti della giornata, città di Caravaggio.","Interrogativi (Come, Quale, Che), articoli determinativi e indeterminativi, congiunzioni (e, o, ma).","Chiedere e dire l'ora, protestare/imprecare, collocare eventi nel tempo.",I suoni l e r / L'accento di parola.,Gioco dell'orologio: imposta le lancette in base all'orario indicato.,Telefonata simulata a un museo per chiedere orari e prezzi dei biglietti.
6 \,Di che colore è?,"I colori, aggettivi per descrivere alberghi e torte.","La frase dichiarativa, interrogativa ed esclamativa.","Descrivere un albergo, chiedere i colori.",L'accento di parola (proseguimento).,Quiz visivo: associa il colore corretto ai quadri famosi menzionati.,Descrivere oralmente un'immagine basandosi sui colori e sulle emozioni.
7 \,Che lavoro fai?,"Nomi delle professioni, generi cinematografici.","Verbi in -isco, articoli determinativi, concordanza articolo-nome-aggettivo, verbo fare.",Chiedere e dire il lavoro.,I suoni sk e ʃ / Le doppie.,Cruciverba interattivo sui mestieri e i luoghi di lavoro.,Scrivere la trama di un film immaginario indicando i mestieri dei personaggi.
8 \,"Bene, grazie, e Lei?","Tipi di pane e pizza, tipi di caffè, giorni della settimana.","Verbi modali (dovere, potere, volere), preposizioni di luogo (da, a, in).","Formale vs Informale, chiedere come sta qualcuno, ordinare al bar.",,Drag-and-drop: trascina i prodotti del bar nella categoria corretta.,Dialogo formale tra un professionista e un cliente basato su stati d'animo.
9 \,Al bar,"Cibi e bevande del bar, tipi di acqua.",Articoli indeterminativi.,"Salutare in modo formale/informale, richiamare l'attenzione, chiedere il prezzo.",Le doppie (proseguimento).,Tabellone interattivo del menù: calcola il totale di diverse ordinazioni.,Role-play: simulare un'ordinazione completa al bancone di un bar italiano.
10 \,La mia giornata,"Azioni quotidiane, avverbi di frequenza.","Verbi riflessivi, Anche/Neanche, articoli con i giorni, possessivi.",Dire a che ora e in che momento si fa una cosa.,I suoni ʎ e ɲ / Le doppie.,Infografica interattiva: organizza la 'giornata tipo' trascinando le azioni.,Partecipare a un forum scrivendo un post sulla propria routine quotidiana.
11 \,In famiglia,"Nomi di parentela, oggetti personali.","Aggettivi possessivi con nomi di parentela, C'è/Ci sono, numeri oltre 1000.","Parlare della propria famiglia, esprimere accordo/disaccordo, fare proposte.",,Costruisci l'albero genealogico: inserisci i membri della famiglia nei nodi.,Descrivere oralmente un familiare importante o scrivere una lettera sulla famiglia.
12 \,In treno o in macchina?,"Cartelli stradali, mezzi di trasporto, avverbi di luogo.","Numeri ordinali, Stare + gerundio, pronome di luogo 'ci'.","Chiedere e dare informazioni stradali, indicare la durata di un percorso.","Suoni v-b, p-b, v-f, t-d.",Mappa della città interattiva: segui le indicazioni audio per trovare la meta.,Descrivere un percorso stradale dalla stazione a un luogo specifico della città.
13 \,C'è anche questo,"La città (locali, trasporti), via, viale, piazza.","Imperativo informale, pronomi dimostrativi (questo/quello), pronomi diretti (lo, la, li, le).","Dare istruzioni, dire l'indirizzo, esprimere sorpresa, cambiare discorso.",,Simulatore di SMS: scegli la risposta corretta per dare indicazioni stradali.,Scrivere una serie di istruzioni (imperativo) per un ospite che resta a casa tua.
14 \,Mi piace moltissimo!,"Azioni del tempo libero, generi musicali.","Preposizioni articolate, verbo piacere, pronomi indiretti.","Informarsi sul tempo libero, indicare preferenze (preferisco...).",L'accento della frase.,Quiz 'Cosa ti piace?': abbina i verbi di attività ai pronomi indiretti.,Parlare delle 5 cose che si amano di più e le 5 che non si sopportano.
15 \,Il concerto è andato bene!,"Espressioni di tempo (dal... al, fa, fra).","Passato prossimo, participio passato (regolare e irregolare).","Raccontare eventi passati, ricostruire l'ordine cronologico di un racconto.",,Gioco dell'oca interattivo con frasi da volgere al passato prossimo.,Scrivere un breve racconto su un fine settimana o un evento passato (es. un concerto).
16 \,Ieri sera,"Espressioni di tempo (adesso, alle otto, l'altro ieri, due sere fa, verso le 20, prima di..., dopo..., alla fine, ora), la data (giorno della settimana, numero, mese, anno).","La scelta dell'ausiliare (essere o avere) nel passato prossimo; Il pronome relativo ""che"".",Chiedere e dire la data; Fare una proposta; Accettare e rifiutare; Concordare un appuntamento.,"L'accento della frase; La frase dichiarativa, interrogativa ed esclamativa (intonazione).","Un quiz interattivo a scelta multipla intitolato 'Missione Ausiliare': lo studente deve trascinare il verbo ausiliare corretto (essere o avere) accanto a diversi participi passati per completare frasi tratte da un articolo di cronaca culturale. Se corretto, si sblocca un frammento di un poster teatrale di Roberto Benigni.","Produzione Scritta: Scrivi un post per un forum descrivendo cosa hai fatto lo scorso fine settimana, usando almeno 5 verbi al passato prossimo e il pronome relativo 'che'. Produzione Orale: Registra un messaggio vocale (o simula una telefonata) in cui proponi a un amico di andare a vedere uno spettacolo, concordando giorno, ora e luogo dell'appuntamento."